Cluster,Recency,Frequency,Monetary
0,72.74161073825503,8.516778523489933,3322.2229845637585
1,101.19701492537314,4.731343283582089,1669.6882901492538
2,123.71875,8.296875,9479.5456875
3,559.4895833333334,3.6979166666666665,1470.2282260416666
