Month_Number,Predicted Sales
48,69957.53579787233
49,70859.54333018346
50,71761.55086249457
51,72663.55839480567
52,73565.5659271168
53,74467.57345942792
54,75369.58099173903
55,76271.58852405014
56,77173.59605636126
57,78075.60358867238
58,78977.61112098349
59,79879.6186532946
